{"cameraMode":{"drawMode":0,"name":"Shaded","section":"Shading Mode"},"sceneLighting":false,"audioPlay":false,"sceneViewState":{"m_AlwaysRefresh":false,"showFog":true,"showSkybox":false,"showFlares":true,"showImageEffects":true,"showParticleSystems":true,"showVisualEffectGraphs":true,"m_FxEnabled":true},"in2DMode":false,"pivot":{"x":0.8087769150733948,"y":0.07425899803638458,"z":0.5966330766677856},"rotation":{"x":0.008020039647817612,"y":0.45376119017601015,"z":-0.004083844833076,"w":0.891083300113678},"size":1.0370020866394044,"orthographic":false}