{"cameraMode":{"drawMode":0,"name":"Shaded","section":"Shading Mode"},"sceneLighting":false,"audioPlay":false,"sceneViewState":{"m_AlwaysRefresh":false,"showFog":true,"showSkybox":false,"showFlares":true,"showImageEffects":true,"showParticleSystems":true,"showVisualEffectGraphs":true,"m_FxEnabled":true},"in2DMode":false,"pivot":{"x":0.000038683414459228516,"y":0.005665387958288193,"z":0.0009999871253967286},"rotation":{"x":0.28264927864074709,"y":0.39789333939552309,"z":-0.1303163468837738,"w":0.8630295991897583},"size":0.7138774394989014,"orthographic":false}